[{"model": "project.author", "pk": 1, "fields": {"user": 1, "user_rating": 0}}, {"model": "project.author", "pk": 2, "fields": {"user": 6, "user_rating": 0}}, {"model": "project.author", "pk": 3, "fields": {"user": 7, "user_rating": 0}}, {"model": "project.author", "pk": 4, "fields": {"user": 8, "user_rating": 0}}, {"model": "project.author", "pk": 5, "fields": {"user": 4, "user_rating": 0}}, {"model": "project.author", "pk": 6, "fields": {"user": 20, "user_rating": 0}}, {"model": "project.author", "pk": 7, "fields": {"user": 1, "user_rating": 0}}, {"model": "project.category", "pk": 1, "fields": {"category_name": "спорт"}}, {"model": "project.category", "pk": 2, "fields": {"category_name": "наука"}}, {"model": "project.category", "pk": 3, "fields": {"category_name": "политика"}}, {"model": "project.category", "pk": 4, "fields": {"category_name": "авто"}}, {"model": "project.categoryuser", "pk": 1, "fields": {"user": 6, "category": 1}}, {"model": "project.categoryuser", "pk": 2, "fields": {"user": 6, "category": 1}}, {"model": "project.categoryuser", "pk": 3, "fields": {"user": 4, "category": 1}}, {"model": "project.categoryuser", "pk": 4, "fields": {"user": 4, "category": 1}}, {"model": "project.categoryuser", "pk": 5, "fields": {"user": 4, "category": 1}}, {"model": "project.categoryuser", "pk": 6, "fields": {"user": 4, "category": 1}}, {"model": "project.categoryuser", "pk": 7, "fields": {"user": 6, "category": 1}}, {"model": "project.categoryuser", "pk": 8, "fields": {"user": 6, "category": 3}}, {"model": "project.categoryuser", "pk": 9, "fields": {"user": 6, "category": 1}}, {"model": "project.categoryuser", "pk": 10, "fields": {"user": 6, "category": 1}}, {"model": "project.categoryuser", "pk": 11, "fields": {"user": 6, "category": 3}}, {"model": "project.categoryuser", "pk": 12, "fields": {"user": 6, "category": 1}}, {"model": "project.categoryuser", "pk": 13, "fields": {"user": 6, "category": 1}}, {"model": "project.categoryuser", "pk": 14, "fields": {"user": 6, "category": 2}}, {"model": "project.categoryuser", "pk": 15, "fields": {"user": 5, "category": 3}}, {"model": "project.categoryuser", "pk": 16, "fields": {"user": 5, "category": 1}}, {"model": "project.categoryuser", "pk": 17, "fields": {"user": 7, "category": 2}}, {"model": "project.categoryuser", "pk": 18, "fields": {"user": 7, "category": 1}}, {"model": "project.categoryuser", "pk": 19, "fields": {"user": 7, "category": 1}}, {"model": "project.categoryuser", "pk": 20, "fields": {"user": 7, "category": 1}}, {"model": "project.categoryuser", "pk": 21, "fields": {"user": 7, "category": 1}}, {"model": "project.categoryuser", "pk": 22, "fields": {"user": 20, "category": 1}}, {"model": "project.categoryuser", "pk": 23, "fields": {"user": 20, "category": 1}}, {"model": "project.categoryuser", "pk": 24, "fields": {"user": 20, "category": 1}}, {"model": "project.categoryuser", "pk": 25, "fields": {"user": 20, "category": 3}}, {"model": "project.categoryuser", "pk": 26, "fields": {"user": 20, "category": 3}}, {"model": "project.categoryuser", "pk": 27, "fields": {"user": 20, "category": 4}}, {"model": "project.categoryuser", "pk": 28, "fields": {"user": 20, "category": 1}}, {"model": "project.categoryuser", "pk": 29, "fields": {"user": 20, "category": 1}}, {"model": "project.categoryuser", "pk": 30, "fields": {"user": 7, "category": 4}}, {"model": "project.categoryuser", "pk": 31, "fields": {"user": 7, "category": 1}}, {"model": "project.categoryuser", "pk": 32, "fields": {"user": 7, "category": 4}}, {"model": "project.categoryuser", "pk": 33, "fields": {"user": 7, "category": 1}}, {"model": "project.categoryuser", "pk": 34, "fields": {"user": 7, "category": 4}}, {"model": "project.categoryuser", "pk": 35, "fields": {"user": 20, "category": 2}}, {"model": "project.post", "pk": 1, "fields": {"author": 1, "choice_field": "P", "pub_date": "2022-10-04T13:47:10.703Z", "title": "Заголовок 1 поста", "article": "Текст 1 поста", "post_rating": 2}}, {"model": "project.post", "pk": 2, "fields": {"author": 1, "choice_field": "P", "pub_date": "2022-10-04T13:49:26.941Z", "title": "Заголовок 2 поста", "article": "Текст 2 поста", "post_rating": 3}}, {"model": "project.post", "pk": 3, "fields": {"author": 1, "choice_field": "N", "pub_date": "2022-10-04T13:50:09.682Z", "title": "Заголовок 1 новости", "article": "Текст 1 новости lskdfjs;lfk,s", "post_rating": 1}}, {"model": "project.post", "pk": 4, "fields": {"author": 1, "choice_field": "N", "pub_date": "2022-10-04T16:32:20.184Z", "title": "Заголовок 2 новости", "article": "Текст 2 новости", "post_rating": 0}}, {"model": "project.post", "pk": 5, "fields": {"author": 1, "choice_field": "news", "pub_date": "2022-10-05T07:32:07.418Z", "title": "Заголовок поста 3", "article": "Текст поста 3", "post_rating": 0}}, {"model": "project.post", "pk": 6, "fields": {"author": 1, "choice_field": "news", "pub_date": "2022-10-05T07:59:09.120Z", "title": "Еще один заголовок новости 3", "article": "Уще один текст новости 3", "post_rating": 0}}, {"model": "project.post", "pk": 7, "fields": {"author": 1, "choice_field": "news", "pub_date": "2022-10-05T08:02:20.270Z", "title": "еще новость одна", "article": "новость принадлежит всем категориям", "post_rating": 0}}, {"model": "project.post", "pk": 8, "fields": {"author": 1, "choice_field": "news", "pub_date": "2022-10-05T08:03:01.838Z", "title": "еще новость одна", "article": "новость принадлежит всем категориям", "post_rating": 0}}, {"model": "project.post", "pk": 9, "fields": {"author": 1, "choice_field": "news", "pub_date": "2022-10-05T08:03:50.351Z", "title": "еще новость одна", "article": "новость принадлежит всем категориям", "post_rating": 0}}, {"model": "project.post", "pk": 10, "fields": {"author": 1, "choice_field": "news", "pub_date": "2022-10-05T08:03:57.801Z", "title": "sadasdasdasdada", "article": "asdasdasdacxzc", "post_rating": 0}}, {"model": "project.post", "pk": 11, "fields": {"author": 1, "choice_field": "news", "pub_date": "2022-10-05T08:23:17.619Z", "title": "adadxvxvvxv", "article": "xcxvzczxzcz", "post_rating": 0}}, {"model": "project.post", "pk": 17, "fields": {"author": 2, "choice_field": "post", "pub_date": "2022-10-06T09:53:38.690Z", "title": "dfgdfgdgdfg", "article": "dfgdgdgfdfgdgdfgfdg\r\nghjhjhjj", "post_rating": 0}}, {"model": "project.post", "pk": 18, "fields": {"author": 3, "choice_field": "post", "pub_date": "2022-10-06T12:41:54.623Z", "title": "ывфаывфвчаывыфа", "article": "фывфвыфывфвы", "post_rating": 0}}, {"model": "project.post", "pk": 19, "fields": {"author": 3, "choice_field": "N", "pub_date": "2022-10-06T16:03:45.503Z", "title": "lalalalalalallalalalla", "article": "lalalalalalallalalalla\r\nlalalalalalallalalalla\r\nlalalalalalallalalalla", "post_rating": 0}}, {"model": "project.post", "pk": 20, "fields": {"author": 3, "choice_field": "post", "pub_date": "2022-10-06T16:04:58.722Z", "title": "sdfsdfsdfsdfsdfsdfs", "article": "sdfsdfsdfsfdsdfsxcvzz", "post_rating": 0}}, {"model": "project.post", "pk": 21, "fields": {"author": 3, "choice_field": "news", "pub_date": "2022-10-06T16:09:14.366Z", "title": "cvcvcvcvcvcvcv", "article": "cvcv\r\ncvcv", "post_rating": 0}}, {"model": "project.post", "pk": 22, "fields": {"author": 3, "choice_field": "news", "pub_date": "2022-10-06T16:09:56.379Z", "title": "cvcvcvcvcvcvcv", "article": "cvcv\r\ncvcv", "post_rating": 0}}, {"model": "project.post", "pk": 23, "fields": {"author": 3, "choice_field": "post", "pub_date": "2022-10-06T16:11:01.245Z", "title": "cvcvxvxcvxvxcvx", "article": "xcvxcv\r\nxcvxcv", "post_rating": 0}}, {"model": "project.post", "pk": 24, "fields": {"author": 3, "choice_field": "post", "pub_date": "2022-10-06T16:21:12.567Z", "title": "dfdsxcvxcvx", "article": "xvxvxc`", "post_rating": 0}}, {"model": "project.post", "pk": 25, "fields": {"author": 3, "choice_field": "post", "pub_date": "2022-10-06T16:22:59.688Z", "title": "xczczczczxcz", "article": "zxceadsada", "post_rating": 0}}, {"model": "project.post", "pk": 26, "fields": {"author": 3, "choice_field": "post", "pub_date": "2022-10-06T16:23:59.447Z", "title": "bngkjklbnl;k;l,", "article": "kjh,k", "post_rating": 0}}, {"model": "project.post", "pk": 27, "fields": {"author": 3, "choice_field": "post", "pub_date": "2022-10-06T16:30:14.853Z", "title": "sdfdfsfsdfsdfsf", "article": "sfsxvxvxv", "post_rating": 0}}, {"model": "project.post", "pk": 28, "fields": {"author": 4, "choice_field": "post", "pub_date": "2022-10-06T16:47:16.851Z", "title": "sadasfgsdasdas", "article": "sdasdasd", "post_rating": 0}}, {"model": "project.post", "pk": 29, "fields": {"author": 4, "choice_field": "post", "pub_date": "2022-10-06T16:48:00.860Z", "title": "sadasfgsdasdas", "article": "sdasdasd", "post_rating": 0}}, {"model": "project.post", "pk": 32, "fields": {"author": 5, "choice_field": "news", "pub_date": "2022-10-10T13:53:20.472Z", "title": "adsasdasdsafa", "article": "daxzax`x`xz`x", "post_rating": 0}}, {"model": "project.post", "pk": 33, "fields": {"author": 3, "choice_field": "post", "pub_date": "2022-10-25T17:32:43.661Z", "title": "xvscs;fls';f,s';c.,sc", "article": "sdassdaddascaz\r\nasd\r\nqsd\r\nsada", "post_rating": 0}}, {"model": "project.post", "pk": 34, "fields": {"author": 6, "choice_field": "post", "pub_date": "2022-10-25T18:05:51.576Z", "title": "sdfsdfsdfsdfdfgfghbdv", "article": "ewdfsdas\r\nasdqasd", "post_rating": 0}}, {"model": "project.post", "pk": 35, "fields": {"author": 5, "choice_field": "post", "pub_date": "2022-10-27T14:12:42.589Z", "title": "Тестовый пост", "article": "Тестовый пост\r\nТестовый пост\r\nТестовый пост", "post_rating": 0}}, {"model": "project.post", "pk": 36, "fields": {"author": 5, "choice_field": "post", "pub_date": "2022-10-27T14:33:41.878Z", "title": "Test for mailing", "article": "Test for mailing\r\nTest for mailing\r\nTest for mailing", "post_rating": 0}}, {"model": "project.post", "pk": 37, "fields": {"author": 5, "choice_field": "post", "pub_date": "2022-10-27T14:34:34.889Z", "title": "Test for mailing", "article": "Test for mailing\r\nTest for mailing\r\nTest for mailing", "post_rating": 0}}, {"model": "project.post", "pk": 38, "fields": {"author": 5, "choice_field": "post", "pub_date": "2022-10-27T14:35:09.926Z", "title": "adadsdasdzaczxczxczxc", "article": "zczxczxczzczcefdvsfsdcs", "post_rating": 0}}, {"model": "project.post", "pk": 39, "fields": {"author": 5, "choice_field": "post", "pub_date": "2022-10-27T14:49:25.710Z", "title": "sdcacxzczc111111", "article": "sdcacxzczc111111\r\nsdcacxzczc111111\r\nsdcacxzczc111111", "post_rating": 0}}, {"model": "project.post", "pk": 40, "fields": {"author": 5, "choice_field": "post", "pub_date": "2022-10-27T14:53:02.386Z", "title": "cxczxczczcxedsfs", "article": "efsfcsxsxcssdaazxasx", "post_rating": 0}}, {"model": "project.post", "pk": 41, "fields": {"author": 5, "choice_field": "post", "pub_date": "2022-10-27T14:56:53.335Z", "title": "sadaaxaadsadasd", "article": "asdasdasd\r\nasd\r\nasda", "post_rating": 0}}, {"model": "project.post", "pk": 42, "fields": {"author": 5, "choice_field": "post", "pub_date": "2022-10-27T15:00:32.921Z", "title": "112122112121212", "article": "112122112121212\r\n112122112121212\r\n112122112121212", "post_rating": 0}}, {"model": "project.post", "pk": 43, "fields": {"author": 5, "choice_field": "post", "pub_date": "2022-10-27T15:05:07.571Z", "title": "34343443434343", "article": "34343443434343\r\n34343443434343\r\n34343443434343", "post_rating": 0}}, {"model": "project.post", "pk": 44, "fields": {"author": 1, "choice_field": "P", "pub_date": "2022-10-27T15:51:34.820Z", "title": "Новый заголовок поста", "article": "Новый заголовок поста\r\nНовый заголовок поста\r\nНовый заголовок поста", "post_rating": 0}}, {"model": "project.post", "pk": 45, "fields": {"author": 1, "choice_field": "news", "pub_date": "2022-10-27T15:53:51.410Z", "title": "олродлоьдль", "article": "длотдлоь\r\nлоит", "post_rating": 0}}, {"model": "project.post", "pk": 46, "fields": {"author": 1, "choice_field": "post", "pub_date": "2022-10-27T15:56:47.348Z", "title": "vhdbxsbsfbsdfbsdbc", "article": "sdfvdasvsdcv", "post_rating": 0}}, {"model": "project.post", "pk": 47, "fields": {"author": 1, "choice_field": "post", "pub_date": "2022-10-27T15:57:40.748Z", "title": "sdafdcascvascvas", "article": "cxaSDASCVXZVCX`SXC", "post_rating": 0}}, {"model": "project.post", "pk": 48, "fields": {"author": 1, "choice_field": "post", "pub_date": "2022-10-28T06:40:09.929Z", "title": "afsdfxasfsdfsdfsdf", "article": "sdfsdfsfsdfdsfs", "post_rating": 0}}, {"model": "project.post", "pk": 49, "fields": {"author": 1, "choice_field": "post", "pub_date": "2022-10-28T06:45:56.200Z", "title": "cvxvxcvxvvxcvx", "article": "vxcvxcvxcv\r\nxcv\r\nxvxv", "post_rating": 0}}, {"model": "project.post", "pk": 50, "fields": {"author": 1, "choice_field": "post", "pub_date": "2022-10-28T07:33:15.498Z", "title": "1313113113", "article": "13131\r\n1331", "post_rating": 0}}, {"model": "project.post", "pk": 51, "fields": {"author": 1, "choice_field": "post", "pub_date": "2022-10-28T07:35:35.898Z", "title": "cvdvbdbdgfnhkjhjk", "article": "hkhjkhjk\r\nhjkhj\r\nkhjkjhg", "post_rating": 0}}, {"model": "project.post", "pk": 52, "fields": {"author": 1, "choice_field": "news", "pub_date": "2022-10-28T07:36:48.237Z", "title": "cvcvcvcvcvcv", "article": "cv\r\ncv\r\ncv", "post_rating": 0}}, {"model": "project.post", "pk": 53, "fields": {"author": 1, "choice_field": "news", "pub_date": "2022-10-28T07:39:15.989Z", "title": "cvcvcvcvcvcv", "article": "cv\r\ncv\r\ncv", "post_rating": 0}}, {"model": "project.post", "pk": 54, "fields": {"author": 1, "choice_field": "news", "pub_date": "2022-10-28T07:40:27.792Z", "title": "cvcvcvcvcvcv", "article": "cv\r\ncv\r\ncv", "post_rating": 0}}, {"model": "project.post", "pk": 55, "fields": {"author": 1, "choice_field": "post", "pub_date": "2022-10-28T07:40:40.491Z", "title": "434343434343", "article": "434343434343\r\n434343434343\r\n434343434343", "post_rating": 0}}, {"model": "project.post", "pk": 56, "fields": {"author": 1, "choice_field": "post", "pub_date": "2022-10-28T07:41:23.804Z", "title": "414141441441414", "article": "414141441441414\r\n414141441441414", "post_rating": 0}}, {"model": "project.post", "pk": 57, "fields": {"author": 5, "choice_field": "post", "pub_date": "2022-10-28T08:31:23.192Z", "title": "asdasdafafsdgvsfgsdfg", "article": "dfsf\r\nsdf\r\nsdfsdf", "post_rating": 0}}, {"model": "project.post", "pk": 58, "fields": {"author": 5, "choice_field": "post", "pub_date": "2022-10-28T08:43:27.299Z", "title": "sadadasdsadadasdasd", "article": "asdasda\r\nasd\r\nasd", "post_rating": 0}}, {"model": "project.post", "pk": 59, "fields": {"author": 5, "choice_field": "post", "pub_date": "2022-10-28T08:44:11.084Z", "title": "sadadasdsadadasdasd", "article": "asdasda\r\nasd\r\nasd", "post_rating": 0}}, {"model": "project.post", "pk": 60, "fields": {"author": 5, "choice_field": "post", "pub_date": "2022-10-28T08:54:52.283Z", "title": "adasdsadadasdads", "article": "asdasdasdasdasd", "post_rating": 0}}, {"model": "project.post", "pk": 61, "fields": {"author": 5, "choice_field": "post", "pub_date": "2022-10-28T09:01:56.623Z", "title": "adasdsadadasdads", "article": "asdasdasdasdasd", "post_rating": 0}}, {"model": "project.post", "pk": 62, "fields": {"author": 5, "choice_field": "post", "pub_date": "2022-10-28T09:02:13.228Z", "title": "dsfsfsdfsdgdfhgdfg", "article": "dfgdfgdfgdfgdfhdfhdf", "post_rating": 0}}, {"model": "project.post", "pk": 63, "fields": {"author": 5, "choice_field": "post", "pub_date": "2022-10-28T09:03:23.094Z", "title": "dsfsfsdfsdgdfhgdfg", "article": "dfgdfgdfgdfgdfhdfhdf", "post_rating": 0}}, {"model": "project.post", "pk": 64, "fields": {"author": 5, "choice_field": "post", "pub_date": "2022-10-28T09:04:32.641Z", "title": "xvcxvxcvxvxcbx", "article": "cbxcbxc\r\nbxcbv", "post_rating": 0}}, {"model": "project.post", "pk": 65, "fields": {"author": 5, "choice_field": "post", "pub_date": "2022-10-28T09:06:09.566Z", "title": "xvcxvxcvxvxcbx", "article": "cbxcbxc\r\nbxcbv", "post_rating": 0}}, {"model": "project.post", "pk": 66, "fields": {"author": 5, "choice_field": "news", "pub_date": "2022-10-28T09:07:17.446Z", "title": "Yjdfz yjdjcnm dslkfhj", "article": "Yjdfz yjdjcnm dslkfhj\r\nYjdfz yjdjcnm dslkfhj", "post_rating": 0}}, {"model": "project.post", "pk": 67, "fields": {"author": 5, "choice_field": "post", "pub_date": "2022-10-28T09:08:41.580Z", "title": "новый пост для отправки", "article": "новый пост для отправки\r\nновый пост для отправки\r\nновый пост для отправки", "post_rating": 0}}, {"model": "project.post", "pk": 68, "fields": {"author": 5, "choice_field": "post", "pub_date": "2022-10-31T14:13:08.862Z", "title": "ваываавыаываыжваюычжм", "article": "111111111222\r\nаыва\r\nываыв\r\nаы", "post_rating": 0}}, {"model": "project.postcategory", "pk": 1, "fields": {"post": 1, "category": 1}}, {"model": "project.postcategory", "pk": 2, "fields": {"post": 2, "category": 2}}, {"model": "project.postcategory", "pk": 3, "fields": {"post": 3, "category": 3}}, {"model": "project.postcategory", "pk": 4, "fields": {"post": 4, "category": 4}}, {"model": "project.postcategory", "pk": 5, "fields": {"post": 5, "category": 4}}, {"model": "project.postcategory", "pk": 6, "fields": {"post": 6, "category": 2}}, {"model": "project.postcategory", "pk": 7, "fields": {"post": 6, "category": 3}}, {"model": "project.postcategory", "pk": 8, "fields": {"post": 7, "category": 1}}, {"model": "project.postcategory", "pk": 9, "fields": {"post": 7, "category": 2}}, {"model": "project.postcategory", "pk": 10, "fields": {"post": 7, "category": 3}}, {"model": "project.postcategory", "pk": 11, "fields": {"post": 7, "category": 4}}, {"model": "project.postcategory", "pk": 12, "fields": {"post": 8, "category": 1}}, {"model": "project.postcategory", "pk": 13, "fields": {"post": 8, "category": 2}}, {"model": "project.postcategory", "pk": 14, "fields": {"post": 8, "category": 3}}, {"model": "project.postcategory", "pk": 15, "fields": {"post": 8, "category": 4}}, {"model": "project.postcategory", "pk": 16, "fields": {"post": 9, "category": 1}}, {"model": "project.postcategory", "pk": 17, "fields": {"post": 9, "category": 2}}, {"model": "project.postcategory", "pk": 18, "fields": {"post": 9, "category": 3}}, {"model": "project.postcategory", "pk": 19, "fields": {"post": 9, "category": 4}}, {"model": "project.postcategory", "pk": 20, "fields": {"post": 10, "category": 1}}, {"model": "project.postcategory", "pk": 21, "fields": {"post": 10, "category": 2}}, {"model": "project.postcategory", "pk": 22, "fields": {"post": 10, "category": 3}}, {"model": "project.postcategory", "pk": 23, "fields": {"post": 10, "category": 4}}, {"model": "project.postcategory", "pk": 24, "fields": {"post": 11, "category": 3}}, {"model": "project.postcategory", "pk": 35, "fields": {"post": 17, "category": 1}}, {"model": "project.postcategory", "pk": 36, "fields": {"post": 18, "category": 2}}, {"model": "project.postcategory", "pk": 37, "fields": {"post": 29, "category": 4}}, {"model": "project.postcategory", "pk": 38, "fields": {"post": 32, "category": 1}}, {"model": "project.postcategory", "pk": 39, "fields": {"post": 33, "category": 4}}, {"model": "project.postcategory", "pk": 40, "fields": {"post": 34, "category": 3}}, {"model": "project.postcategory", "pk": 41, "fields": {"post": 35, "category": 4}}, {"model": "project.postcategory", "pk": 42, "fields": {"post": 43, "category": 2}}, {"model": "project.postcategory", "pk": 43, "fields": {"post": 45, "category": 1}}, {"model": "project.postcategory", "pk": 44, "fields": {"post": 46, "category": 3}}, {"model": "project.postcategory", "pk": 45, "fields": {"post": 47, "category": 3}}, {"model": "project.postcategory", "pk": 46, "fields": {"post": 48, "category": 1}}, {"model": "project.postcategory", "pk": 47, "fields": {"post": 49, "category": 2}}, {"model": "project.postcategory", "pk": 48, "fields": {"post": 50, "category": 2}}, {"model": "project.postcategory", "pk": 49, "fields": {"post": 51, "category": 4}}, {"model": "project.postcategory", "pk": 50, "fields": {"post": 54, "category": 4}}, {"model": "project.postcategory", "pk": 51, "fields": {"post": 55, "category": 2}}, {"model": "project.postcategory", "pk": 52, "fields": {"post": 57, "category": 4}}, {"model": "project.postcategory", "pk": 53, "fields": {"post": 65, "category": 3}}, {"model": "project.postcategory", "pk": 54, "fields": {"post": 66, "category": 2}}, {"model": "project.postcategory", "pk": 55, "fields": {"post": 67, "category": 4}}, {"model": "project.postcategory", "pk": 56, "fields": {"post": 68, "category": 3}}, {"model": "account.emailaddress", "pk": 1, "fields": {"user": 4, "email": "dmitriy_l2019@list.ru", "verified": false, "primary": true}}, {"model": "account.emailaddress", "pk": 2, "fields": {"user": 5, "email": "aaa@aa.dd", "verified": false, "primary": true}}, {"model": "account.emailaddress", "pk": 3, "fields": {"user": 6, "email": "bbb@bb.vv", "verified": false, "primary": true}}, {"model": "account.emailaddress", "pk": 4, "fields": {"user": 7, "email": "ccc@cc.cc", "verified": false, "primary": true}}, {"model": "account.emailaddress", "pk": 5, "fields": {"user": 8, "email": "zzz@zz.zr", "verified": false, "primary": true}}, {"model": "account.emailaddress", "pk": 6, "fields": {"user": 20, "email": "czzczc@aa.aa", "verified": false, "primary": true}}, {"model": "socialaccount.socialapp", "pk": 1, "fields": {"provider": "google", "name": "Google", "client_id": "496475582169-6eo5r00mgn163ds3cbkd15f39v26jiph.apps.googleusercontent.com", "secret": "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", "key": "", "sites": [1]}}, {"model": "django_apscheduler.djangojob", "pk": "my_job", "fields": {"next_run_time": "2022-10-10T16:20:00Z", "job_state": "gAWV5wMAAAAAAAB9lCiMB3ZlcnNpb26USwGMAmlklIwGbXlfam9ilIwEZnVuY5SMMXByb2plY3QubWFuYWdlbWVudC5jb21tYW5kcy5ydW5hcHNjaGVkdWxlcjpteV9qb2KUjAd0cmlnZ2VylIwZYXBzY2hlZHVsZXIudHJpZ2dlcnMuY3JvbpSMC0Nyb25UcmlnZ2VylJOUKYGUfZQoaAFLAowIdGltZXpvbmWUjBtweXR6X2RlcHJlY2F0aW9uX3NoaW0uX2ltcGyUjAl3cmFwX3pvbmWUk5SMCGRhdGV0aW1llIwIdGltZXpvbmWUk5RoEIwJdGltZWRlbHRhlJOUSwBLAEsAh5RSlIWUUpSMA1VUQ5SGlFKUjApzdGFydF9kYXRllE6MCGVuZF9kYXRllE6MBmZpZWxkc5RdlCiMIGFwc2NoZWR1bGVyLnRyaWdnZXJzLmNyb24uZmllbGRzlIwJQmFzZUZpZWxklJOUKYGUfZQojARuYW1llIwEeWVhcpSMCmlzX2RlZmF1bHSUiIwLZXhwcmVzc2lvbnOUXZSMJWFwc2NoZWR1bGVyLnRyaWdnZXJzLmNyb24uZXhwcmVzc2lvbnOUjA1BbGxFeHByZXNzaW9ulJOUKYGUfZSMBHN0ZXCUTnNiYXViaCCMCk1vbnRoRmllbGSUk5QpgZR9lChoJYwFbW9udGiUaCeIaChdlGgsKYGUfZRoL05zYmF1YmggjA9EYXlPZk1vbnRoRmllbGSUk5QpgZR9lChoJYwDZGF5lGgniGgoXZRoLCmBlH2UaC9Oc2JhdWJoIIwJV2Vla0ZpZWxklJOUKYGUfZQoaCWMBHdlZWuUaCeIaChdlGgsKYGUfZRoL05zYmF1YmggjA5EYXlPZldlZWtGaWVsZJSTlCmBlH2UKGgljAtkYXlfb2Zfd2Vla5RoJ4hoKF2UaCwpgZR9lGgvTnNiYXViaCIpgZR9lChoJYwEaG91cpRoJ4hoKF2UaCwpgZR9lGgvTnNiYXViaCIpgZR9lChoJYwGbWludXRllGgniGgoXZRoLCmBlH2UaC9Oc2JhdWJoIimBlH2UKGgljAZzZWNvbmSUaCeJaChdlGgsKYGUfZRoL0sKc2JhdWJljAZqaXR0ZXKUTnVijAhleGVjdXRvcpSMB2RlZmF1bHSUjARhcmdzlCmMBmt3YXJnc5R9lGglaAOMEm1pc2ZpcmVfZ3JhY2VfdGltZZRLAYwIY29hbGVzY2WUiIwNbWF4X2luc3RhbmNlc5RLAYwNbmV4dF9ydW5fdGltZZRoEIwIZGF0ZXRpbWWUk5RDCgfmCgoQFAAAAACUaBuGlFKUdS4="}}, {"model": "django_apscheduler.djangojobexecution", "pk": 1, "fields": {"job": "my_job", "status": "Executed", "run_time": "2022-10-07T09:25:50Z", "duration": "0.01", "finished": "1665134750.01", "exception": null, "traceback": null}}, {"model": "django_apscheduler.djangojobexecution", "pk": 2, "fields": {"job": "my_job", "status": "Executed", "run_time": "2022-10-07T09:26:00Z", "duration": "0.04", "finished": "1665134760.04", "exception": null, "traceback": null}}, {"model": "django_apscheduler.djangojobexecution", "pk": 3, "fields": {"job": "my_job", "status": "Executed", "run_time": "2022-10-07T09:26:10Z", "duration": "0.04", "finished": "1665134770.04", "exception": null, "traceback": null}}, {"model": "django_apscheduler.djangojobexecution", "pk": 4, "fields": {"job": "my_job", "status": "Executed", "run_time": "2022-10-07T09:26:20Z", "duration": "0.04", "finished": "1665134780.04", "exception": null, "traceback": null}}, {"model": "django_apscheduler.djangojobexecution", "pk": 5, "fields": {"job": "my_job", "status": "Executed", "run_time": "2022-10-10T12:11:49Z", "duration": "0.04", "finished": "1665403909.04", "exception": null, "traceback": null}}, {"model": "django_apscheduler.djangojobexecution", "pk": 6, "fields": {"job": "my_job", "status": "Executed", "run_time": "2022-10-10T12:11:50Z", "duration": "0.04", "finished": "1665403910.04", "exception": null, "traceback": null}}, {"model": "django_apscheduler.djangojobexecution", "pk": 7, "fields": {"job": "my_job", "status": "Executed", "run_time": "2022-10-10T12:11:51Z", "duration": "0.04", "finished": "1665403911.04", "exception": null, "traceback": null}}, {"model": "django_apscheduler.djangojobexecution", "pk": 8, "fields": {"job": "my_job", "status": "Executed", "run_time": "2022-10-10T12:11:52Z", "duration": "0.05", "finished": "1665403912.05", "exception": null, "traceback": null}}, {"model": "django_apscheduler.djangojobexecution", "pk": 9, "fields": {"job": "my_job", "status": "Executed", "run_time": "2022-10-10T12:11:53Z", "duration": "0.08", "finished": "1665403913.08", "exception": null, "traceback": null}}, {"model": "django_apscheduler.djangojobexecution", "pk": 10, "fields": {"job": "my_job", "status": "Executed", "run_time": "2022-10-10T12:11:54Z", "duration": "0.04", "finished": "1665403914.04", "exception": null, "traceback": null}}, {"model": "django_apscheduler.djangojobexecution", "pk": 11, "fields": {"job": "my_job", "status": "Executed", "run_time": "2022-10-10T12:11:55Z", "duration": "0.05", "finished": "1665403915.05", "exception": null, "traceback": null}}, {"model": "django_apscheduler.djangojobexecution", "pk": 12, "fields": {"job": "my_job", "status": "Executed", "run_time": "2022-10-10T12:11:56Z", "duration": "0.06", "finished": "1665403916.06", "exception": null, "traceback": null}}, {"model": "django_apscheduler.djangojobexecution", "pk": 13, "fields": {"job": "my_job", "status": "Executed", "run_time": "2022-10-10T12:11:57Z", "duration": "0.05", "finished": "1665403917.05", "exception": null, "traceback": null}}, {"model": "django_apscheduler.djangojobexecution", "pk": 14, "fields": {"job": "my_job", "status": "Executed", "run_time": "2022-10-10T12:11:58Z", "duration": "0.06", "finished": "1665403918.06", "exception": null, "traceback": null}}, {"model": "django_apscheduler.djangojobexecution", "pk": 15, "fields": {"job": "my_job", "status": "Executed", "run_time": "2022-10-10T12:11:59Z", "duration": "0.06", "finished": "1665403919.06", "exception": null, "traceback": null}}, {"model": "django_apscheduler.djangojobexecution", "pk": 16, "fields": {"job": "my_job", "status": "Executed", "run_time": "2022-10-10T12:12:00Z", "duration": "0.05", "finished": "1665403920.05", "exception": null, "traceback": null}}, {"model": "django_apscheduler.djangojobexecution", "pk": 17, "fields": {"job": "my_job", "status": "Executed", "run_time": "2022-10-10T12:12:01Z", "duration": "0.04", "finished": "1665403921.04", "exception": null, "traceback": null}}, {"model": "django_apscheduler.djangojobexecution", "pk": 18, "fields": {"job": "my_job", "status": "Executed", "run_time": "2022-10-10T12:12:02Z", "duration": "0.05", "finished": "1665403922.05", "exception": null, "traceback": null}}, {"model": "django_apscheduler.djangojobexecution", "pk": 19, "fields": {"job": "my_job", "status": "Executed", "run_time": "2022-10-10T12:12:03Z", "duration": "0.04", "finished": "1665403923.04", "exception": null, "traceback": null}}, {"model": "django_apscheduler.djangojobexecution", "pk": 20, "fields": {"job": "my_job", "status": "Executed", "run_time": "2022-10-10T12:12:04Z", "duration": "0.04", "finished": "1665403924.04", "exception": null, "traceback": null}}, {"model": "django_apscheduler.djangojobexecution", "pk": 21, "fields": {"job": "my_job", "status": "Executed", "run_time": "2022-10-10T12:12:05Z", "duration": "0.30", "finished": "1665403925.30", "exception": null, "traceback": null}}, {"model": "django_apscheduler.djangojobexecution", "pk": 22, "fields": {"job": "my_job", "status": "Executed", "run_time": "2022-10-10T12:12:06Z", "duration": "0.04", "finished": "1665403926.04", "exception": null, "traceback": null}}, {"model": "django_apscheduler.djangojobexecution", "pk": 23, "fields": {"job": "my_job", "status": "Executed", "run_time": "2022-10-10T12:12:07Z", "duration": "0.04", "finished": "1665403927.04", "exception": null, "traceback": null}}, {"model": "django_apscheduler.djangojobexecution", "pk": 24, "fields": {"job": "my_job", "status": "Executed", "run_time": "2022-10-10T12:12:08Z", "duration": "0.03", "finished": "1665403928.03", "exception": null, "traceback": null}}, {"model": "django_apscheduler.djangojobexecution", "pk": 25, "fields": {"job": "my_job", "status": "Executed", "run_time": "2022-10-10T12:12:09Z", "duration": "0.05", "finished": "1665403929.05", "exception": null, "traceback": null}}, {"model": "django_apscheduler.djangojobexecution", "pk": 26, "fields": {"job": "my_job", "status": "Executed", "run_time": "2022-10-10T12:12:10Z", "duration": "0.04", "finished": "1665403930.04", "exception": null, "traceback": null}}, {"model": "django_apscheduler.djangojobexecution", "pk": 27, "fields": {"job": "my_job", "status": "Executed", "run_time": "2022-10-10T12:12:11Z", "duration": "0.03", "finished": "1665403931.03", "exception": null, "traceback": null}}, {"model": "django_apscheduler.djangojobexecution", "pk": 28, "fields": {"job": "my_job", "status": "Executed", "run_time": "2022-10-10T12:12:12Z", "duration": "0.04", "finished": "1665403932.04", "exception": null, "traceback": null}}, {"model": "django_apscheduler.djangojobexecution", "pk": 29, "fields": {"job": "my_job", "status": "Executed", "run_time": "2022-10-10T12:12:13Z", "duration": "0.06", "finished": "1665403933.06", "exception": null, "traceback": null}}, {"model": "django_apscheduler.djangojobexecution", "pk": 30, "fields": {"job": "my_job", "status": "Executed", "run_time": "2022-10-10T12:12:14Z", "duration": "0.06", "finished": "1665403934.06", "exception": null, "traceback": null}}, {"model": "django_apscheduler.djangojobexecution", "pk": 31, "fields": {"job": "my_job", "status": "Executed", "run_time": "2022-10-10T12:12:15Z", "duration": "0.05", "finished": "1665403935.05", "exception": null, "traceback": null}}, {"model": "django_apscheduler.djangojobexecution", "pk": 32, "fields": {"job": "my_job", "status": "Executed", "run_time": "2022-10-10T12:12:16Z", "duration": "0.06", "finished": "1665403936.06", "exception": null, "traceback": null}}, {"model": "django_apscheduler.djangojobexecution", "pk": 33, "fields": {"job": "my_job", "status": "Executed", "run_time": "2022-10-10T12:12:17Z", "duration": "0.06", "finished": "1665403937.06", "exception": null, "traceback": null}}, {"model": "django_apscheduler.djangojobexecution", "pk": 34, "fields": {"job": "my_job", "status": "Executed", "run_time": "2022-10-10T12:12:40Z", "duration": "0.06", "finished": "1665403960.06", "exception": null, "traceback": null}}, {"model": "django_apscheduler.djangojobexecution", "pk": 35, "fields": {"job": "my_job", "status": "Executed", "run_time": "2022-10-10T12:12:50Z", "duration": "0.02", "finished": "1665403970.02", "exception": null, "traceback": null}}, {"model": "django_apscheduler.djangojobexecution", "pk": 36, "fields": {"job": "my_job", "status": "Executed", "run_time": "2022-10-10T12:13:00Z", "duration": "0.05", "finished": "1665403980.05", "exception": null, "traceback": null}}, {"model": "django_apscheduler.djangojobexecution", "pk": 37, "fields": {"job": "my_job", "status": "Executed", "run_time": "2022-10-10T12:13:10Z", "duration": "0.05", "finished": "1665403990.05", "exception": null, "traceback": null}}, {"model": "django_apscheduler.djangojobexecution", "pk": 38, "fields": {"job": "my_job", "status": "Executed", "run_time": "2022-10-10T16:15:40Z", "duration": "7.13", "finished": "1665418547.13", "exception": null, "traceback": null}}, {"model": "django_apscheduler.djangojobexecution", "pk": 39, "fields": {"job": "my_job", "status": "Executed", "run_time": "2022-10-10T16:15:50Z", "duration": "7.66", "finished": "1665418557.66", "exception": null, "traceback": null}}, {"model": "django_apscheduler.djangojobexecution", "pk": 40, "fields": {"job": "my_job", "status": "Executed", "run_time": "2022-10-10T16:16:00Z", "duration": "9.05", "finished": "1665418569.05", "exception": null, "traceback": null}}, {"model": "django_apscheduler.djangojobexecution", "pk": 41, "fields": {"job": "my_job", "status": "Executed", "run_time": "2022-10-10T16:16:10Z", "duration": "8.84", "finished": "1665418578.84", "exception": null, "traceback": null}}, {"model": "django_apscheduler.djangojobexecution", "pk": 42, "fields": {"job": "my_job", "status": "Executed", "run_time": "2022-10-10T16:16:20Z", "duration": "7.44", "finished": "1665418587.44", "exception": null, "traceback": null}}, {"model": "django_apscheduler.djangojobexecution", "pk": 43, "fields": {"job": "my_job", "status": "Executed", "run_time": "2022-10-10T16:19:30Z", "duration": "9.09", "finished": "1665418779.09", "exception": null, "traceback": null}}, {"model": "django_apscheduler.djangojobexecution", "pk": 44, "fields": {"job": "my_job", "status": "Executed", "run_time": "2022-10-10T16:19:40Z", "duration": "10.06", "finished": "1665418790.06", "exception": null, "traceback": null}}, {"model": "django_apscheduler.djangojobexecution", "pk": 45, "fields": {"job": "my_job", "status": "Executed", "run_time": "2022-10-10T16:19:50Z", "duration": "10.62", "finished": "1665418800.62", "exception": null, "traceback": null}}, {"model": "sites.site", "pk": 1, "fields": {"domain": "127.0.0.1", "name": "example.com"}}, {"model": "admin.logentry", "pk": 1, "fields": {"action_time": "2022-10-04T13:39:28.490Z", "user": 1, "content_type": 3, "object_id": "1", "object_repr": "common", "action_flag": 1, "change_message": "[{\"added\": {}}]"}}, {"model": "admin.logentry", "pk": 2, "fields": {"action_time": "2022-10-04T13:40:58.586Z", "user": 1, "content_type": 3, "object_id": "2", "object_repr": "authors", "action_flag": 1, "change_message": "[{\"added\": {}}]"}}, {"model": "admin.logentry", "pk": 3, "fields": {"action_time": "2022-10-04T13:46:05.583Z", "user": 1, "content_type": 10, "object_id": "1", "object_repr": "admin", "action_flag": 1, "change_message": "[{\"added\": {}}]"}}, {"model": "admin.logentry", "pk": 4, "fields": {"action_time": "2022-10-04T13:47:10.706Z", "user": 1, "content_type": 7, "object_id": "1", "object_repr": "Заголовок 1 Поста, 2022-10-04 13:47:10.703278+00:00: Текст 1 поста", "action_flag": 1, "change_message": "[{\"added\": {}}]"}}, {"model": "admin.logentry", "pk": 5, "fields": {"action_time": "2022-10-04T13:49:26.944Z", "user": 1, "content_type": 7, "object_id": "2", "object_repr": "Заголовок: Заголовок 2 Поста, Дата публикации: 2022-10-04 13:49:26.941221+00:00: Текст статьи: Текст 2 поста", "action_flag": 1, "change_message": "[{\"added\": {}}]"}}, {"model": "admin.logentry", "pk": 6, "fields": {"action_time": "2022-10-04T13:50:09.686Z", "user": 1, "content_type": 7, "object_id": "3", "object_repr": "Заголовок: Заголовок 1 Новости, Дата публикации: 2022-10-04 13:50:09.682761+00:00: Текст статьи: Текст 1 новости", "action_flag": 1, "change_message": "[{\"added\": {}}]"}}, {"model": "admin.logentry", "pk": 7, "fields": {"action_time": "2022-10-04T15:45:51.420Z", "user": 1, "content_type": 8, "object_id": "1", "object_repr": "спорт", "action_flag": 1, "change_message": "[{\"added\": {}}]"}}, {"model": "admin.logentry", "pk": 8, "fields": {"action_time": "2022-10-04T15:45:59.277Z", "user": 1, "content_type": 8, "object_id": "2", "object_repr": "наука", "action_flag": 1, "change_message": "[{\"added\": {}}]"}}, {"model": "admin.logentry", "pk": 9, "fields": {"action_time": "2022-10-04T15:46:20.384Z", "user": 1, "content_type": 8, "object_id": "3", "object_repr": "политика", "action_flag": 1, "change_message": "[{\"added\": {}}]"}}, {"model": "admin.logentry", "pk": 10, "fields": {"action_time": "2022-10-04T15:46:38.502Z", "user": 1, "content_type": 8, "object_id": "4", "object_repr": "авто", "action_flag": 1, "change_message": "[{\"added\": {}}]"}}, {"model": "admin.logentry", "pk": 11, "fields": {"action_time": "2022-10-04T16:07:09.841Z", "user": 1, "content_type": 9, "object_id": "1", "object_repr": "Статья: Заголовок: Заголовок 1 Поста, Дата публикации: 2022-10-04 13:47:10.703278+00:00: Текст статьи: Текст 1 поста\nКатегория: спорт", "action_flag": 1, "change_message": "[{\"added\": {}}]"}}, {"model": "admin.logentry", "pk": 12, "fields": {"action_time": "2022-10-04T16:07:21.862Z", "user": 1, "content_type": 9, "object_id": "2", "object_repr": "Статья: Заголовок: Заголовок 2 Поста, Дата публикации: 2022-10-04 13:49:26.941221+00:00: Текст статьи: Текст 2 поста\nКатегория: наука", "action_flag": 1, "change_message": "[{\"added\": {}}]"}}, {"model": "admin.logentry", "pk": 13, "fields": {"action_time": "2022-10-04T16:07:29.279Z", "user": 1, "content_type": 9, "object_id": "3", "object_repr": "Статья: Заголовок: Заголовок 1 Новости, Дата публикации: 2022-10-04 13:50:09.682761+00:00: Текст статьи: Текст 1 новости\nКатегория: политика", "action_flag": 1, "change_message": "[{\"added\": {}}]"}}, {"model": "admin.logentry", "pk": 14, "fields": {"action_time": "2022-10-04T16:29:22.700Z", "user": 1, "content_type": 4, "object_id": "2", "object_repr": "Сергей", "action_flag": 1, "change_message": "[{\"added\": {}}]"}}, {"model": "admin.logentry", "pk": 15, "fields": {"action_time": "2022-10-04T16:30:44.542Z", "user": 1, "content_type": 4, "object_id": "2", "object_repr": "Сергей", "action_flag": 2, "change_message": "[{\"changed\": {\"fields\": [\"First name\", \"Last name\", \"Email address\", \"Groups\"]}}]"}}, {"model": "admin.logentry", "pk": 16, "fields": {"action_time": "2022-10-04T16:31:02.242Z", "user": 1, "content_type": 4, "object_id": "3", "object_repr": "Саша", "action_flag": 1, "change_message": "[{\"added\": {}}]"}}, {"model": "admin.logentry", "pk": 17, "fields": {"action_time": "2022-10-04T16:31:41.658Z", "user": 1, "content_type": 4, "object_id": "3", "object_repr": "Саша", "action_flag": 2, "change_message": "[{\"changed\": {\"fields\": [\"First name\", \"Last name\", \"Email address\", \"Groups\"]}}]"}}, {"model": "admin.logentry", "pk": 18, "fields": {"action_time": "2022-10-04T16:32:20.187Z", "user": 1, "content_type": 7, "object_id": "4", "object_repr": "Заголовок: Заголовок 2 Новости, Дата публикации: 2022-10-04 16:32:20.184830+00:00: Текст статьи: Текст 2 новости", "action_flag": 1, "change_message": "[{\"added\": {}}]"}}, {"model": "admin.logentry", "pk": 19, "fields": {"action_time": "2022-10-04T16:32:40.783Z", "user": 1, "content_type": 9, "object_id": "4", "object_repr": "Статья: Заголовок: Заголовок 2 Новости, Дата публикации: 2022-10-04 16:32:20.184830+00:00: Текст статьи: Текст 2 новости\nКатегория: авто", "action_flag": 1, "change_message": "[{\"added\": {}}]"}}, {"model": "admin.logentry", "pk": 20, "fields": {"action_time": "2022-10-05T14:37:48.029Z", "user": 1, "content_type": 18, "object_id": "1", "object_repr": "127.0.0.1", "action_flag": 2, "change_message": "[{\"changed\": {\"fields\": [\"Domain name\"]}}]"}}, {"model": "admin.logentry", "pk": 21, "fields": {"action_time": "2022-10-05T14:43:48.652Z", "user": 1, "content_type": 16, "object_id": "1", "object_repr": "G", "action_flag": 1, "change_message": "[{\"added\": {}}]"}}, {"model": "admin.logentry", "pk": 22, "fields": {"action_time": "2022-10-05T14:43:58.165Z", "user": 1, "content_type": 16, "object_id": "1", "object_repr": "Google", "action_flag": 2, "change_message": "[{\"changed\": {\"fields\": [\"Name\"]}}]"}}, {"model": "admin.logentry", "pk": 23, "fields": {"action_time": "2022-10-05T15:15:28.473Z", "user": 1, "content_type": 3, "object_id": "2", "object_repr": "authors", "action_flag": 2, "change_message": "[{\"changed\": {\"fields\": [\"Permissions\"]}}]"}}, {"model": "admin.logentry", "pk": 24, "fields": {"action_time": "2022-10-05T15:15:44.127Z", "user": 1, "content_type": 3, "object_id": "1", "object_repr": "common", "action_flag": 2, "change_message": "[{\"changed\": {\"fields\": [\"Permissions\"]}}]"}}, {"model": "admin.logentry", "pk": 25, "fields": {"action_time": "2022-10-06T09:20:36.659Z", "user": 1, "content_type": 3, "object_id": "2", "object_repr": "authors", "action_flag": 2, "change_message": "[{\"changed\": {\"fields\": [\"Permissions\"]}}]"}}, {"model": "admin.logentry", "pk": 26, "fields": {"action_time": "2022-10-06T09:56:21.843Z", "user": 1, "content_type": 4, "object_id": "5", "object_repr": "aaa", "action_flag": 2, "change_message": "[{\"changed\": {\"fields\": [\"Groups\"]}}]"}}, {"model": "admin.logentry", "pk": 27, "fields": {"action_time": "2022-10-06T16:03:45.510Z", "user": 1, "content_type": 7, "object_id": "19", "object_repr": "Заголовок: Lalalalalalallalalalla, Дата публикации: 2022-10-06 16:03:45.503957+00:00: Текст статьи: lalalalalalallalalalla\r\nlalalalalalallalalalla\r\nlalalalalalallalalalla", "action_flag": 1, "change_message": "[{\"added\": {}}]"}}, {"model": "admin.logentry", "pk": 28, "fields": {"action_time": "2022-10-27T15:51:34.823Z", "user": 1, "content_type": 7, "object_id": "44", "object_repr": "Заголовок: Новый Заголовок Поста, Дата публикации: 2022-10-27 15:51:34.820139+00:00: Текст статьи: Новый заголовок поста\r\nНовый заголовок поста\r\nНовый заголовок поста", "action_flag": 1, "change_message": "[{\"added\": {}}]"}}, {"model": "auth.permission", "pk": 1, "fields": {"name": "Can add log entry", "content_type": 1, "codename": "add_logentry"}}, {"model": "auth.permission", "pk": 2, "fields": {"name": "Can change log entry", "content_type": 1, "codename": "change_logentry"}}, {"model": "auth.permission", "pk": 3, "fields": {"name": "Can delete log entry", "content_type": 1, "codename": "delete_logentry"}}, {"model": "auth.permission", "pk": 4, "fields": {"name": "Can view log entry", "content_type": 1, "codename": "view_logentry"}}, {"model": "auth.permission", "pk": 5, "fields": {"name": "Can add permission", "content_type": 2, "codename": "add_permission"}}, {"model": "auth.permission", "pk": 6, "fields": {"name": "Can change permission", "content_type": 2, "codename": "change_permission"}}, {"model": "auth.permission", "pk": 7, "fields": {"name": "Can delete permission", "content_type": 2, "codename": "delete_permission"}}, {"model": "auth.permission", "pk": 8, "fields": {"name": "Can view permission", "content_type": 2, "codename": "view_permission"}}, {"model": "auth.permission", "pk": 9, "fields": {"name": "Can add group", "content_type": 3, "codename": "add_group"}}, {"model": "auth.permission", "pk": 10, "fields": {"name": "Can change group", "content_type": 3, "codename": "change_group"}}, {"model": "auth.permission", "pk": 11, "fields": {"name": "Can delete group", "content_type": 3, "codename": "delete_group"}}, {"model": "auth.permission", "pk": 12, "fields": {"name": "Can view group", "content_type": 3, "codename": "view_group"}}, {"model": "auth.permission", "pk": 13, "fields": {"name": "Can add user", "content_type": 4, "codename": "add_user"}}, {"model": "auth.permission", "pk": 14, "fields": {"name": "Can change user", "content_type": 4, "codename": "change_user"}}, {"model": "auth.permission", "pk": 15, "fields": {"name": "Can delete user", "content_type": 4, "codename": "delete_user"}}, {"model": "auth.permission", "pk": 16, "fields": {"name": "Can view user", "content_type": 4, "codename": "view_user"}}, {"model": "auth.permission", "pk": 17, "fields": {"name": "Can add content type", "content_type": 5, "codename": "add_contenttype"}}, {"model": "auth.permission", "pk": 18, "fields": {"name": "Can change content type", "content_type": 5, "codename": "change_contenttype"}}, {"model": "auth.permission", "pk": 19, "fields": {"name": "Can delete content type", "content_type": 5, "codename": "delete_contenttype"}}, {"model": "auth.permission", "pk": 20, "fields": {"name": "Can view content type", "content_type": 5, "codename": "view_contenttype"}}, {"model": "auth.permission", "pk": 21, "fields": {"name": "Can add session", "content_type": 6, "codename": "add_session"}}, {"model": "auth.permission", "pk": 22, "fields": {"name": "Can change session", "content_type": 6, "codename": "change_session"}}, {"model": "auth.permission", "pk": 23, "fields": {"name": "Can delete session", "content_type": 6, "codename": "delete_session"}}, {"model": "auth.permission", "pk": 24, "fields": {"name": "Can view session", "content_type": 6, "codename": "view_session"}}, {"model": "auth.permission", "pk": 25, "fields": {"name": "Can add post", "content_type": 7, "codename": "add_post"}}, {"model": "auth.permission", "pk": 26, "fields": {"name": "Can change post", "content_type": 7, "codename": "change_post"}}, {"model": "auth.permission", "pk": 27, "fields": {"name": "Can delete post", "content_type": 7, "codename": "delete_post"}}, {"model": "auth.permission", "pk": 28, "fields": {"name": "Can view post", "content_type": 7, "codename": "view_post"}}, {"model": "auth.permission", "pk": 29, "fields": {"name": "Can add category", "content_type": 8, "codename": "add_category"}}, {"model": "auth.permission", "pk": 30, "fields": {"name": "Can change category", "content_type": 8, "codename": "change_category"}}, {"model": "auth.permission", "pk": 31, "fields": {"name": "Can delete category", "content_type": 8, "codename": "delete_category"}}, {"model": "auth.permission", "pk": 32, "fields": {"name": "Can view category", "content_type": 8, "codename": "view_category"}}, {"model": "auth.permission", "pk": 33, "fields": {"name": "Can add post category", "content_type": 9, "codename": "add_postcategory"}}, {"model": "auth.permission", "pk": 34, "fields": {"name": "Can change post category", "content_type": 9, "codename": "change_postcategory"}}, {"model": "auth.permission", "pk": 35, "fields": {"name": "Can delete post category", "content_type": 9, "codename": "delete_postcategory"}}, {"model": "auth.permission", "pk": 36, "fields": {"name": "Can view post category", "content_type": 9, "codename": "view_postcategory"}}, {"model": "auth.permission", "pk": 37, "fields": {"name": "Can add author", "content_type": 10, "codename": "add_author"}}, {"model": "auth.permission", "pk": 38, "fields": {"name": "Can change author", "content_type": 10, "codename": "change_author"}}, {"model": "auth.permission", "pk": 39, "fields": {"name": "Can delete author", "content_type": 10, "codename": "delete_author"}}, {"model": "auth.permission", "pk": 40, "fields": {"name": "Can view author", "content_type": 10, "codename": "view_author"}}, {"model": "auth.permission", "pk": 41, "fields": {"name": "Can add comment", "content_type": 11, "codename": "add_comment"}}, {"model": "auth.permission", "pk": 42, "fields": {"name": "Can change comment", "content_type": 11, "codename": "change_comment"}}, {"model": "auth.permission", "pk": 43, "fields": {"name": "Can delete comment", "content_type": 11, "codename": "delete_comment"}}, {"model": "auth.permission", "pk": 44, "fields": {"name": "Can view comment", "content_type": 11, "codename": "view_comment"}}, {"model": "auth.permission", "pk": 45, "fields": {"name": "Can add category user", "content_type": 12, "codename": "add_categoryuser"}}, {"model": "auth.permission", "pk": 46, "fields": {"name": "Can change category user", "content_type": 12, "codename": "change_categoryuser"}}, {"model": "auth.permission", "pk": 47, "fields": {"name": "Can delete category user", "content_type": 12, "codename": "delete_categoryuser"}}, {"model": "auth.permission", "pk": 48, "fields": {"name": "Can view category user", "content_type": 12, "codename": "view_categoryuser"}}, {"model": "auth.permission", "pk": 49, "fields": {"name": "Can add email address", "content_type": 13, "codename": "add_emailaddress"}}, {"model": "auth.permission", "pk": 50, "fields": {"name": "Can change email address", "content_type": 13, "codename": "change_emailaddress"}}, {"model": "auth.permission", "pk": 51, "fields": {"name": "Can delete email address", "content_type": 13, "codename": "delete_emailaddress"}}, {"model": "auth.permission", "pk": 52, "fields": {"name": "Can view email address", "content_type": 13, "codename": "view_emailaddress"}}, {"model": "auth.permission", "pk": 53, "fields": {"name": "Can add email confirmation", "content_type": 14, "codename": "add_emailconfirmation"}}, {"model": "auth.permission", "pk": 54, "fields": {"name": "Can change email confirmation", "content_type": 14, "codename": "change_emailconfirmation"}}, {"model": "auth.permission", "pk": 55, "fields": {"name": "Can delete email confirmation", "content_type": 14, "codename": "delete_emailconfirmation"}}, {"model": "auth.permission", "pk": 56, "fields": {"name": "Can view email confirmation", "content_type": 14, "codename": "view_emailconfirmation"}}, {"model": "auth.permission", "pk": 57, "fields": {"name": "Can add social account", "content_type": 15, "codename": "add_socialaccount"}}, {"model": "auth.permission", "pk": 58, "fields": {"name": "Can change social account", "content_type": 15, "codename": "change_socialaccount"}}, {"model": "auth.permission", "pk": 59, "fields": {"name": "Can delete social account", "content_type": 15, "codename": "delete_socialaccount"}}, {"model": "auth.permission", "pk": 60, "fields": {"name": "Can view social account", "content_type": 15, "codename": "view_socialaccount"}}, {"model": "auth.permission", "pk": 61, "fields": {"name": "Can add social application", "content_type": 16, "codename": "add_socialapp"}}, {"model": "auth.permission", "pk": 62, "fields": {"name": "Can change social application", "content_type": 16, "codename": "change_socialapp"}}, {"model": "auth.permission", "pk": 63, "fields": {"name": "Can delete social application", "content_type": 16, "codename": "delete_socialapp"}}, {"model": "auth.permission", "pk": 64, "fields": {"name": "Can view social application", "content_type": 16, "codename": "view_socialapp"}}, {"model": "auth.permission", "pk": 65, "fields": {"name": "Can add social application token", "content_type": 17, "codename": "add_socialtoken"}}, {"model": "auth.permission", "pk": 66, "fields": {"name": "Can change social application token", "content_type": 17, "codename": "change_socialtoken"}}, {"model": "auth.permission", "pk": 67, "fields": {"name": "Can delete social application token", "content_type": 17, "codename": "delete_socialtoken"}}, {"model": "auth.permission", "pk": 68, "fields": {"name": "Can view social application token", "content_type": 17, "codename": "view_socialtoken"}}, {"model": "auth.permission", "pk": 69, "fields": {"name": "Can add site", "content_type": 18, "codename": "add_site"}}, {"model": "auth.permission", "pk": 70, "fields": {"name": "Can change site", "content_type": 18, "codename": "change_site"}}, {"model": "auth.permission", "pk": 71, "fields": {"name": "Can delete site", "content_type": 18, "codename": "delete_site"}}, {"model": "auth.permission", "pk": 72, "fields": {"name": "Can view site", "content_type": 18, "codename": "view_site"}}, {"model": "auth.permission", "pk": 73, "fields": {"name": "Can add django job", "content_type": 19, "codename": "add_djangojob"}}, {"model": "auth.permission", "pk": 74, "fields": {"name": "Can change django job", "content_type": 19, "codename": "change_djangojob"}}, {"model": "auth.permission", "pk": 75, "fields": {"name": "Can delete django job", "content_type": 19, "codename": "delete_djangojob"}}, {"model": "auth.permission", "pk": 76, "fields": {"name": "Can view django job", "content_type": 19, "codename": "view_djangojob"}}, {"model": "auth.permission", "pk": 77, "fields": {"name": "Can add django job execution", "content_type": 20, "codename": "add_djangojobexecution"}}, {"model": "auth.permission", "pk": 78, "fields": {"name": "Can change django job execution", "content_type": 20, "codename": "change_djangojobexecution"}}, {"model": "auth.permission", "pk": 79, "fields": {"name": "Can delete django job execution", "content_type": 20, "codename": "delete_djangojobexecution"}}, {"model": "auth.permission", "pk": 80, "fields": {"name": "Can view django job execution", "content_type": 20, "codename": "view_djangojobexecution"}}, {"model": "auth.group", "pk": 1, "fields": {"name": "common", "permissions": [44, 28]}}, {"model": "auth.group", "pk": 2, "fields": {"name": "authors", "permissions": [14, 15, 16, 40, 29, 30, 31, 32, 45, 48, 41, 42, 43, 44, 25, 26, 27, 28, 33, 34, 35, 36]}}, {"model": "auth.user", "pk": 1, "fields": {"password": "pbkdf2_sha256$390000$1RDHjjNrQCnm0sqAp6aKTt$icTVg+/hSIc1uPuy7NYd9R5M6NeeY5gJw4U/xmXvHdc=", "last_login": "2022-10-27T15:50:51.919Z", "is_superuser": true, "username": "admin", "first_name": "", "last_name": "", "email": "dmitriy_leznev@mail.ru", "is_staff": true, "is_active": true, "date_joined": "2022-10-04T08:58:36.246Z", "groups": [2], "user_permissions": []}}, {"model": "auth.user", "pk": 2, "fields": {"password": "pbkdf2_sha256$390000$oxoLaARFKRdd2B3w2JlOgX$s14U4oLJxB4IPOvlX7lpeXu3W9GzfhpUbl+kEUdbj9U=", "last_login": null, "is_superuser": false, "username": "Сергей", "first_name": "Сергей", "last_name": "Сергеев", "email": "dmitriy_leznev@mail.ru", "is_staff": false, "is_active": true, "date_joined": "2022-10-04T16:29:22Z", "groups": [1, 2], "user_permissions": []}}, {"model": "auth.user", "pk": 3, "fields": {"password": "pbkdf2_sha256$390000$avMKODkM3nYUB8hG7sRCTz$J/s15H6cOMqCXmW/FtBO+wcjA3DEdk2kWBgE5bIdGj8=", "last_login": null, "is_superuser": false, "username": "Саша", "first_name": "Саша", "last_name": "Сашин", "email": "targetolog.dml@gmail.com", "is_staff": false, "is_active": true, "date_joined": "2022-10-04T16:31:01Z", "groups": [1, 2], "user_permissions": []}}, {"model": "auth.user", "pk": 4, "fields": {"password": "pbkdf2_sha256$390000$L7e1ZPjLbeyarYzjiMzYgk$KSQQgaSOnOfePkbBNvBrmMJC6/LDxu9k/HHE9cIoJMk=", "last_login": "2022-10-31T14:12:57.947Z", "is_superuser": false, "username": "dmitriy_l2019", "first_name": "Frank", "last_name": "", "email": "dmitriy_l2019@list.ru", "is_staff": false, "is_active": true, "date_joined": "2022-10-05T14:45:09.250Z", "groups": [2], "user_permissions": []}}, {"model": "auth.user", "pk": 5, "fields": {"password": "pbkdf2_sha256$390000$ddGZIAaHAy7k1JOlxgttu3$CKv+aTnk35Cpm/bhEB9Yu4qu6hiDDm3VYLZU321HeW4=", "last_login": "2022-10-25T14:27:11.241Z", "is_superuser": false, "username": "aaa", "first_name": "", "last_name": "", "email": "aaa@aa.dd", "is_staff": false, "is_active": true, "date_joined": "2022-10-05T15:33:44Z", "groups": [1, 2], "user_permissions": []}}, {"model": "auth.user", "pk": 6, "fields": {"password": "pbkdf2_sha256$390000$7wd9kNjb6DltXt7AqFISOZ$i6a59dPoguI56ZNeP0Vy+ei0dMiuhgBUHi738f/f2s4=", "last_login": "2022-10-25T14:27:17.979Z", "is_superuser": false, "username": "bbb", "first_name": "Инокентий", "last_name": "Смоктуновский", "email": "bbb@bb.vv", "is_staff": false, "is_active": true, "date_joined": "2022-10-05T15:35:48.592Z", "groups": [1, 2], "user_permissions": []}}, {"model": "auth.user", "pk": 7, "fields": {"password": "pbkdf2_sha256$390000$SbGtIjmgqA6Fx7rhifFd4T$ISW0NZdMOAY44ZuwhVg+Hhwtv2uzLV8M0IpuHBP5zDw=", "last_login": "2022-10-25T17:32:29.923Z", "is_superuser": false, "username": "ccc", "first_name": "Георгий", "last_name": "Быков", "email": "ccc@cc.cc", "is_staff": false, "is_active": true, "date_joined": "2022-10-05T15:40:01.029Z", "groups": [1, 2], "user_permissions": []}}, {"model": "auth.user", "pk": 8, "fields": {"password": "pbkdf2_sha256$390000$DZUIimOZrsduHZhNuHbQO0$ArWvLImn3rXtBM8io6r4xz9LNCjiKhu88KWgkIrHXfY=", "last_login": "2022-10-06T16:47:00.328Z", "is_superuser": false, "username": "zzz", "first_name": "", "last_name": "", "email": "zzz@zz.zr", "is_staff": false, "is_active": true, "date_joined": "2022-10-06T16:46:59.773Z", "groups": [1, 2], "user_permissions": []}}, {"model": "auth.user", "pk": 9, "fields": {"password": "!rmtiZzXuqHiGvtzLUyVPj8eKfO2fBxpbqGs5LgqE", "last_login": null, "is_superuser": false, "username": "ldma-agency", "first_name": "LDMA-Agency", "last_name": "", "email": "dmitriybra2019@gmail.com", "is_staff": false, "is_active": true, "date_joined": "2022-10-10T12:35:12.174Z", "groups": [], "user_permissions": []}}, {"model": "auth.user", "pk": 10, "fields": {"password": "pbkdf2_sha256$390000$Ydn9GF0wwsaZyi72jKZHYh$NfZzvdNVc/wVxPt4MMtrJqR6SFbYQXsevN47l/0UI8Y=", "last_login": null, "is_superuser": false, "username": "nnn", "first_name": "", "last_name": "", "email": "nnn@nn.nn", "is_staff": false, "is_active": true, "date_joined": "2022-10-10T12:44:07.561Z", "groups": [], "user_permissions": []}}, {"model": "auth.user", "pk": 11, "fields": {"password": "pbkdf2_sha256$390000$oXK2CJkBjvIpyh14xTplbb$CqxXJkjbPxlQs7sbrXT7iMur/okkQnJGG4Zt8/53O/g=", "last_login": null, "is_superuser": false, "username": "sss", "first_name": "", "last_name": "", "email": "sss@ss.ss", "is_staff": false, "is_active": true, "date_joined": "2022-10-10T13:14:25.743Z", "groups": [], "user_permissions": []}}, {"model": "auth.user", "pk": 12, "fields": {"password": "pbkdf2_sha256$390000$2vb93NxH2T8Gh9Rnu32XFB$ucJY3av2KqKO6IvysposBfL0Zu1iTHNqtKTLR58VRrw=", "last_login": null, "is_superuser": false, "username": "iii", "first_name": "", "last_name": "", "email": "iii@ll.ll", "is_staff": false, "is_active": true, "date_joined": "2022-10-10T13:18:31.944Z", "groups": [], "user_permissions": []}}, {"model": "auth.user", "pk": 13, "fields": {"password": "pbkdf2_sha256$390000$UQaTB8eeMjGAs3K5JEjLOL$x+xfktxLh4axciCzLHrR5z7PCLduXNpivYrSAu4hs6k=", "last_login": null, "is_superuser": false, "username": "dsd", "first_name": "", "last_name": "", "email": "dsd@sd.dd", "is_staff": false, "is_active": true, "date_joined": "2022-10-10T13:25:16.203Z", "groups": [], "user_permissions": []}}, {"model": "auth.user", "pk": 14, "fields": {"password": "pbkdf2_sha256$390000$fqxgxUBaF4bbnlx9nbHRku$IRlQnFox4mmzypcNUnXDMeSf2Du9aIgAqd9+yShmvO4=", "last_login": null, "is_superuser": false, "username": "dsd3", "first_name": "", "last_name": "", "email": "dsd@sd.dc", "is_staff": false, "is_active": true, "date_joined": "2022-10-10T13:26:07.000Z", "groups": [], "user_permissions": []}}, {"model": "auth.user", "pk": 15, "fields": {"password": "pbkdf2_sha256$390000$jaTxWpM6UivBurUDKecICa$1x2mAwOME9GOuuyLZyWAaOigEd8aVhoD9dVH/ObaYGk=", "last_login": null, "is_superuser": false, "username": "dsd4", "first_name": "", "last_name": "", "email": "dsd@sd.ddx", "is_staff": false, "is_active": true, "date_joined": "2022-10-10T13:28:22.406Z", "groups": [], "user_permissions": []}}, {"model": "auth.user", "pk": 16, "fields": {"password": "pbkdf2_sha256$390000$wggp2HJ62IiprFmd6pCu6f$nYJCoBrrqshEMyaSGhaas1N+/3hwgWcVfnVt9bXJ3wM=", "last_login": null, "is_superuser": false, "username": "dsd30", "first_name": "", "last_name": "", "email": "dsd@sd.ddb", "is_staff": false, "is_active": true, "date_joined": "2022-10-10T13:29:15.368Z", "groups": [], "user_permissions": []}}, {"model": "auth.user", "pk": 17, "fields": {"password": "pbkdf2_sha256$390000$WQVsh7VwjYB6dWggSo9ySS$Dj3KUM7dSuKFkKe8r+bhgsJMCyrU+Lj/J6U5IENUWdo=", "last_login": null, "is_superuser": false, "username": "dsd2", "first_name": "", "last_name": "", "email": "dsd@sd.ddz", "is_staff": false, "is_active": true, "date_joined": "2022-10-10T13:33:19.772Z", "groups": [], "user_permissions": []}}, {"model": "auth.user", "pk": 18, "fields": {"password": "pbkdf2_sha256$390000$aoYZnpOfvnFZDALR2wUbfF$wjJWDyuwTUluarqFImTbjbsD4fD7d4CTRwx/VxnwhNY=", "last_login": null, "is_superuser": false, "username": "dsd6", "first_name": "", "last_name": "", "email": "dsd@sd.ddr", "is_staff": false, "is_active": true, "date_joined": "2022-10-10T13:34:00.899Z", "groups": [], "user_permissions": []}}, {"model": "auth.user", "pk": 19, "fields": {"password": "pbkdf2_sha256$390000$ZjmdfUnSHG5P2mO2TcHQUv$QoR7P5xxs0dPZnRQDQURg+8L4d++hi+bed8/Er0xFOQ=", "last_login": null, "is_superuser": false, "username": "sdasd", "first_name": "", "last_name": "", "email": "sdasd@ad.ee", "is_staff": false, "is_active": true, "date_joined": "2022-10-10T13:37:36.113Z", "groups": [], "user_permissions": []}}, {"model": "auth.user", "pk": 20, "fields": {"password": "pbkdf2_sha256$390000$ixwvB54bzLu74u8lFlRYRQ$II/AKs5yUvb7ydZOK3CozY+Z7+ogamA+6do8eDvexEM=", "last_login": "2022-10-25T18:04:21.748Z", "is_superuser": false, "username": "czzczc", "first_name": "", "last_name": "", "email": "czzczc@aa.aa", "is_staff": false, "is_active": true, "date_joined": "2022-10-25T14:40:50.845Z", "groups": [1, 2], "user_permissions": []}}, {"model": "contenttypes.contenttype", "pk": 1, "fields": {"app_label": "admin", "model": "logentry"}}, {"model": "contenttypes.contenttype", "pk": 2, "fields": {"app_label": "auth", "model": "permission"}}, {"model": "contenttypes.contenttype", "pk": 3, "fields": {"app_label": "auth", "model": "group"}}, {"model": "contenttypes.contenttype", "pk": 4, "fields": {"app_label": "auth", "model": "user"}}, {"model": "contenttypes.contenttype", "pk": 5, "fields": {"app_label": "contenttypes", "model": "contenttype"}}, {"model": "contenttypes.contenttype", "pk": 6, "fields": {"app_label": "sessions", "model": "session"}}, {"model": "contenttypes.contenttype", "pk": 7, "fields": {"app_label": "project", "model": "post"}}, {"model": "contenttypes.contenttype", "pk": 8, "fields": {"app_label": "project", "model": "category"}}, {"model": "contenttypes.contenttype", "pk": 9, "fields": {"app_label": "project", "model": "postcategory"}}, {"model": "contenttypes.contenttype", "pk": 10, "fields": {"app_label": "project", "model": "author"}}, {"model": "contenttypes.contenttype", "pk": 11, "fields": {"app_label": "project", "model": "comment"}}, {"model": "contenttypes.contenttype", "pk": 12, "fields": {"app_label": "project", "model": "categoryuser"}}, {"model": "contenttypes.contenttype", "pk": 13, "fields": {"app_label": "account", "model": "emailaddress"}}, {"model": "contenttypes.contenttype", "pk": 14, "fields": {"app_label": "account", "model": "emailconfirmation"}}, {"model": "contenttypes.contenttype", "pk": 15, "fields": {"app_label": "socialaccount", "model": "socialaccount"}}, {"model": "contenttypes.contenttype", "pk": 16, "fields": {"app_label": "socialaccount", "model": "socialapp"}}, {"model": "contenttypes.contenttype", "pk": 17, "fields": {"app_label": "socialaccount", "model": "socialtoken"}}, {"model": "contenttypes.contenttype", "pk": 18, "fields": {"app_label": "sites", "model": "site"}}, {"model": "contenttypes.contenttype", "pk": 19, "fields": {"app_label": "django_apscheduler", "model": "djangojob"}}, {"model": "contenttypes.contenttype", "pk": 20, "fields": {"app_label": "django_apscheduler", "model": "djangojobexecution"}}, {"model": "sessions.session", "pk": "0p80tz9zyqkkowm5pm3xbqsxgsgofc6q", "fields": {"session_data": ".eJxVjU0OwiAQhe_C2jRA7dB2pxchwzCkxIaaQhON8e5S04Uu39_3XsLiVia7ZV5t9GIUnTj9eg7pxmkPcJ53u0GiZUul-XaOODeXqjiVSFjikq7H6g81YZ4qB0gzKeO8UmdpOsU-ELSoCaXyHkwwpMIgQ9sFBxp6HmozBMMAzmOvd2jmnOuN5cc9rk8xyvcH4IVEQw:1onKtg:z0YKPb_x4Q3OPRTpBxAwoloSbjkt0EKpWHFdncynvp4", "expire_date": "2022-11-08T14:27:16.219Z"}}, {"model": "sessions.session", "pk": "130v5uf29yoknqrr5qm1htzzj5sc0drj", "fields": {"session_data": ".eJxVjU0OgjAQhe_StSE41Jay04s005lpaCTF2JJojHcXDAtdvr_vvZTHpY5-KXL3idWgtDr8egHpKnkLcJo2u0Giecm1-Xb2uDTnVUmuibCmOV_21R9qxDKuHOOsgGDfA2EPHKE1gYJ1kSGG4LoTHglByGnSJmrbsRMjbDFwxwJxgxYpZb3x8ril-1MN7fsDAgFFFQ:1opVX8:ArtSv4rQm4zOHuligGOT58ptwPyttfNq_5eb9cRVeg4", "expire_date": "2022-11-14T14:12:58.623Z"}}, {"model": "sessions.session", "pk": "d10513t7djh81gy5izsqtgvklnqgqqja", "fields": {"session_data": ".eJxVjEEOwiAQRe_C2pBCZRhcuvcMZBhAqoYmpV0Z725JutDl_-_lvYWnbS1-a2nxUxQXocTp9wvEz1Q7iA-q91nyXNdlCrIr8qBN3uaYXtfD_QsUaqVnlQECZ0Br4oxaMw77BjcAMkEOdLZ7zaHNKgFmdomMcRTHETFYFp8v0GE37w:1og5Vu:n5oB85019tUwa9Rg8xTXuYESWwEqmB3Gi2sSYfPWQ_U", "expire_date": "2022-10-19T14:36:46.356Z"}}, {"model": "sessions.session", "pk": "khm3v1zfb07gk9wrdt00xtcz22p12p5s", "fields": {"session_data": ".eJxVjU0OgjAQhe_StSE41Jay04s005lpaCTF2JJojHcXDAtdvr_vvZTHpY5-KXL3idWgtDr8egHpKnkLcJo2u0Giecm1-Xb2uDTnVUmuibCmOV_21R9qxDKuHOOsgGDfA2EPHKE1gYJ1kSGG4LoTHglByGnSJmrbsRMjbDFwxwJxgxYpZb3x8ril-1MN7fsDAgFFFQ:1ooKkV:hyTGkaa6XQnaESaiZvxEYUUklA2NE0m6QC5Ov1EYYJY", "expire_date": "2022-11-11T08:29:55.131Z"}}, {"model": "sessions.session", "pk": "lokp7c9pxdpzmys54iz8vtdu5oikcns2", "fields": {"session_data": ".eJxVjU0OwiAQhe_C2jRA7dB2pxchwzCkxIaaQhON8e5S04Uu39_3XsLiVia7ZV5t9GIUnTj9eg7pxmkPcJ53u0GiZUul-XaOODeXqjiVSFjikq7H6g81YZ4qB0gzKeO8UmdpOsU-ELSoCaXyHkwwpMIgQ9sFBxp6HmozBMMAzmOvd2jmnOuN5cc9rk8xyvcH4IVEQw:1onKtr:O75Mad1ekg5thZ-a34Aaj-7MV6PsRBo9EwNwR7zWov8", "expire_date": "2022-11-08T14:27:27.170Z"}}, {"model": "sessions.session", "pk": "mqk8cwlazk8c7692h2tr3d4h006w95z2", "fields": {"session_data": ".eJxVjU0OgjAQhe_StSE41Jay04s005lpaCTF2JJojHcXDAtdvr_vvZTHpY5-KXL3idWgtDr8egHpKnkLcJo2u0Giecm1-Xb2uDTnVUmuibCmOV_21R9qxDKuHOOsgGDfA2EPHKE1gYJ1kSGG4LoTHglByGnSJmrbsRMjbDFwxwJxgxYpZb3x8ril-1MN7fsDAgFFFQ:1ohtCJ:4gEzkls7tkA2u8fLOmYxcHOs8xwQdnLL7lH0iKckhpw", "expire_date": "2022-10-24T13:51:59.338Z"}}, {"model": "sessions.session", "pk": "sdnzofcg5cux4beek2cudeeenqmqg6pe", "fields": {"session_data": ".eJxVjcsKwjAQRf8laymTx9jHTn8kTCYpDZZUmhQU8d9NpQtd3te5L2FpK5Pdclht9GIQCsTp13TEt5D2hOZ5txtiXrZUmm_niHNzqSqkEplKXNL1WP2hJspT5Xg_yha7joxh2ffokcjoVgYGZVhDB6NDiY4VaFbKtQ61dmfo_YieWe3QHHKuNzY87nF9igHeH9hUQ5o:1onOHo:zTQchOQDJ5YHYj4_bMPF2gwySEBxM4zp06a49tltSWg", "expire_date": "2022-11-08T18:04:24.157Z"}}]